variant,evidence_file,baseline,unquantized,scope,transform,bits,permutation,module_count,parameter_count,weight_relative_mse_parameter_weighted,calibration_output_relative_mse_parameter_weighted,metadata_bits,adjacent_abs_cosine_before_mean,adjacent_abs_cosine_after_mean,input_adjacent_abs_cosine_before_mean,input_adjacent_abs_cosine_after_mean,output_adjacent_abs_cosine_before_mean,output_adjacent_abs_cosine_after_mean,perplexity,fp16_baseline_perplexity_same_protocol,perplexity_delta_vs_fp16,eval_input_tokens,eval_token_offset,eval_sequence_length,eval_seconds,input_tokens_per_second,calibration_tokens,calibration_samples_per_module,model,num_attention_heads,num_key_value_heads,uses_gqa,fake_quantization_only,packed_integer_kernel
all_input_dct_q3_8192,runs\formal_8192\all_input_dct_q3_8192.json,False,False,all_input,dct,3,none,224,6476005376,0.07486116359174144,0.04762842012854984,0.0,,,,,,,40.24337263949901,6.195575096408451,34.04779754309055,8192,0,2048,2.112218765891157,3878.3861464954593,512,32,/home/wangmeiqi/zjh/meta-llama/Llama-2-7b-hf,32,32,False,True,False
all_input_dct_q3_screen,runs\all_input_screen\all_input_dct_q3_screen.json,False,False,all_input,dct,3,none,224,6476005376,0.07486116359174144,0.04877301765081421,0.0,,,,,,,18.854063811547697,,,2048,0,2048,0.4552836320362985,4498.294812049642,256,16,/home/wangmeiqi/zjh/meta-llama/Llama-2-7b-hf,32,32,False,True,False
all_input_dct_q4_8192,runs\formal_8192\all_input_dct_q4_8192.json,False,False,all_input,dct,4,none,224,6476005376,0.01374007090854569,0.008739189369932166,0.0,,,,,,,6.677818768597144,6.195575096408451,0.4822436721886936,8192,0,2048,1.802152892923914,4545.6742500403725,512,32,/home/wangmeiqi/zjh/meta-llama/Llama-2-7b-hf,32,32,False,True,False
all_input_dct_q4_screen,runs\all_input_screen\all_input_dct_q4_screen.json,False,False,all_input,dct,4,none,224,6476005376,0.01374007090854569,0.008950732911897543,0.0,,,,,,,4.290504513956822,,,2048,0,2048,0.4581590860616416,4470.063046451202,256,16,/home/wangmeiqi/zjh/meta-llama/Llama-2-7b-hf,32,32,False,True,False
all_input_dct_unquantized_8192,runs\formal_8192\all_input_dct_unquantized_8192.json,False,True,all_input,dct,,none,224,6476005376,3.5448919086356006e-14,1.2355379331249326e-07,0.0,,,,,,,6.195030424898823,6.195575096408451,-0.000544671509628003,8192,0,2048,1.836993295000866,4459.461023779152,512,32,/home/wangmeiqi/zjh/meta-llama/Llama-2-7b-hf,32,32,False,False,False
all_input_hadamard_q3_8192,runs\formal_8192\all_input_hadamard_q3_8192.json,False,False,all_input,hadamard,3,none,224,6476005376,0.07483827064064565,0.047621732797154,0.0,,,,,,,55.31098432859974,6.195575096408451,49.11540923219128,8192,0,2048,2.0760978950420395,3945.8640267221685,512,32,/home/wangmeiqi/zjh/meta-llama/Llama-2-7b-hf,32,32,False,True,False
all_input_hadamard_q3_screen,runs\all_input_screen\all_input_hadamard_q3_screen.json,False,False,all_input,hadamard,3,none,224,6476005376,0.07483827064064565,0.04878393745555053,0.0,,,,,,,28.83806579113663,,,2048,0,2048,0.46794390690047294,4376.592941588594,256,16,/home/wangmeiqi/zjh/meta-llama/Llama-2-7b-hf,32,32,False,True,False
all_input_hadamard_q4_8192,runs\formal_8192\all_input_hadamard_q4_8192.json,False,False,all_input,hadamard,4,none,224,6476005376,0.013735544074725154,0.008735392800694061,0.0,,,,,,,6.741197076074619,6.195575096408451,0.5456219796661683,8192,0,2048,1.829683354939334,4477.277435948265,512,32,/home/wangmeiqi/zjh/meta-llama/Llama-2-7b-hf,32,32,False,True,False
all_input_hadamard_q4_screen,runs\all_input_screen\all_input_hadamard_q4_screen.json,False,False,all_input,hadamard,4,none,224,6476005376,0.013735544074725154,0.008946052959601445,0.0,,,,,,,4.294124164539666,,,2048,0,2048,0.468705469975248,4369.481756012264,256,16,/home/wangmeiqi/zjh/meta-llama/Llama-2-7b-hf,32,32,False,True,False
all_input_identity_q3_8192,runs\formal_8192\all_input_identity_q3_8192.json,False,False,all_input,identity,3,none,224,6476005376,0.0773530521572419,0.04703679726855957,0.0,,,,,,,9.439973898103927,6.195575096408451,3.2443988016954766,8192,0,2048,1.1431614280445501,7166.092031300368,512,32,/home/wangmeiqi/zjh/meta-llama/Llama-2-7b-hf,32,32,False,True,False
all_input_identity_q3_screen,runs\all_input_screen\all_input_identity_q3_screen.json,False,False,all_input,identity,3,none,224,6476005376,0.0773530521572419,0.048163940577880246,0.0,,,,,,,5.813857950425391,,,2048,0,2048,0.513848755043,3985.608566529696,256,16,/home/wangmeiqi/zjh/meta-llama/Llama-2-7b-hf,32,32,False,True,False
all_input_identity_q4_8192,runs\formal_8192\all_input_identity_q4_8192.json,False,False,all_input,identity,4,none,224,6476005376,0.014331040145084952,0.008797209656043357,0.0,,,,,,,6.56724792776457,6.195575096408451,0.3716728313561193,8192,0,2048,1.1730762759689242,6983.3481145406895,512,32,/home/wangmeiqi/zjh/meta-llama/Llama-2-7b-hf,32,32,False,True,False
all_input_identity_q4_screen,runs\all_input_screen\all_input_identity_q4_screen.json,False,False,all_input,identity,4,none,224,6476005376,0.014331040145084952,0.008997527700124715,0.0,,,,,,,4.143240256138058,,,2048,0,2048,0.7543675330234692,2714.857029691765,256,16,/home/wangmeiqi/zjh/meta-llama/Llama-2-7b-hf,32,32,False,True,False
all_input_rdft_q3_8192,runs\formal_8192\all_input_rdft_q3_8192.json,False,False,all_input,rdft,3,none,224,6476005376,0.07485855723920165,0.047613807116231324,0.0,,,,,,,34.59996556673171,6.195575096408451,28.40439047032326,8192,0,2048,1.5154979419894516,5405.484080859952,512,32,/home/wangmeiqi/zjh/meta-llama/Llama-2-7b-hf,32,32,False,True,False
all_input_rdft_q3_screen,runs\all_input_screen\all_input_rdft_q3_screen.json,False,False,all_input,rdft,3,none,224,6476005376,0.07485855723920165,0.04874435801182796,0.0,,,,,,,15.819986347511492,,,2048,0,2048,0.3994447059230879,5127.117645149959,256,16,/home/wangmeiqi/zjh/meta-llama/Llama-2-7b-hf,32,32,False,True,False
all_input_rdft_q4_8192,runs\formal_8192\all_input_rdft_q4_8192.json,False,False,all_input,rdft,4,none,224,6476005376,0.013739150037019737,0.008737296104724346,0.0,,,,,,,6.757398070408761,6.195575096408451,0.56182297400031,8192,0,2048,1.5598021990153939,5251.94797466698,512,32,/home/wangmeiqi/zjh/meta-llama/Llama-2-7b-hf,32,32,False,True,False
all_input_rdft_q4_screen,runs\all_input_screen\all_input_rdft_q4_screen.json,False,False,all_input,rdft,4,none,224,6476005376,0.013739150037019737,0.008945030189080825,0.0,,,,,,,4.36560087136045,,,2048,0,2048,0.39223647210747004,5221.340047742583,256,16,/home/wangmeiqi/zjh/meta-llama/Llama-2-7b-hf,32,32,False,True,False
attention_head_dct_q3_screen,runs\screen\attention_head_dct_q3.json,False,False,attention_head,dct,3,none,128,2147483648,0.07868251536309223,0.04151767367713144,0.0,,,,,,,20.504017097159352,,,2048,0,2048,0.6338303240481764,3231.1486565043783,256,16,/home/wangmeiqi/zjh/meta-llama/Llama-2-7b-hf,32,32,False,True,False
attention_head_dct_q4_8192,runs\formal_8192\attention_head_dct_q4_8192.json,False,False,attention_head,dct,4,none,128,2147483648,0.014707127728635251,0.00788152412153696,0.0,,,,,,,6.358948051480407,6.195575096408451,0.16337295507195648,8192,0,2048,1.8306611819425598,4474.885948751733,512,32,/home/wangmeiqi/zjh/meta-llama/Llama-2-7b-hf,32,32,False,True,False
attention_head_dct_unquantized_check,runs\screen\attention_head_dct_unquantized.json,False,True,attention_head,dct,,none,128,2147483648,3.5439459374586475e-14,1.1805764102337901e-07,0.0,,,,,,,3.9293026465671104,,,2048,0,2048,0.896925937035121,2283.354639926982,256,8,/home/wangmeiqi/zjh/meta-llama/Llama-2-7b-hf,32,32,False,False,False
attention_head_hadamard_q3_screen,runs\screen\attention_head_hadamard_q3.json,False,False,attention_head,hadamard,3,none,128,2147483648,0.07866202446339433,0.04151949444394396,0.0,,,,,,,124.46317578473202,,,2048,0,2048,0.607146369991824,3373.156953944366,256,16,/home/wangmeiqi/zjh/meta-llama/Llama-2-7b-hf,32,32,False,True,False
attention_head_hadamard_q4_8192,runs\formal_8192\attention_head_hadamard_q4_8192.json,False,False,attention_head,hadamard,4,none,128,2147483648,0.014703187220687102,0.007878522291033212,0.0,,,,,,,6.366526577305068,6.195575096408451,0.17095148089661727,8192,0,2048,1.440864565083757,5685.475372575216,512,32,/home/wangmeiqi/zjh/meta-llama/Llama-2-7b-hf,32,32,False,True,False
attention_head_identity_q3_screen,runs\screen\attention_head_identity_q3.json,False,False,attention_head,identity,3,none,128,2147483648,0.07993130793423998,0.041070511449140014,0.0,,,,,,,4.367666907773687,,,2048,0,2048,0.5123007289366797,3997.6519343448613,256,16,/home/wangmeiqi/zjh/meta-llama/Llama-2-7b-hf,32,32,False,True,False
attention_head_identity_q4_8192,runs\formal_8192\attention_head_identity_q4_8192.json,False,False,attention_head,identity,4,none,128,2147483648,0.015015590757926842,0.007860305680062615,0.0,,,,,,,6.304695893560624,6.195575096408451,0.10912079715217349,8192,0,2048,1.1354656610637903,7214.661157013867,512,32,/home/wangmeiqi/zjh/meta-llama/Llama-2-7b-hf,32,32,False,True,False
attention_head_rdft_q3_screen,runs\screen\attention_head_rdft_q3.json,False,False,attention_head,rdft,3,none,128,2147483648,0.07869077120553229,0.04149718633191119,0.0,,,,,,,31.58303247682954,,,2048,0,2048,0.34693717199843377,5903.086106925566,256,16,/home/wangmeiqi/zjh/meta-llama/Llama-2-7b-hf,32,32,False,True,False
attention_head_rdft_q4_8192,runs\formal_8192\attention_head_rdft_q4_8192.json,False,False,attention_head,rdft,4,none,128,2147483648,0.014706662192735273,0.007882451582064277,0.0,,,,,,,6.32586027121961,6.195575096408451,0.1302851748111591,8192,0,2048,1.3600257190410048,6023.415502595368,512,32,/home/wangmeiqi/zjh/meta-llama/Llama-2-7b-hf,32,32,False,True,False
fp16_baseline_8192,runs\formal_8192\fp16_baseline_8192.json,True,False,all_input,identity,,none,0,0,,,0.0,,,,,,,6.195575096408451,6.195575096408451,0.0,8192,0,2048,2.552969455951825,3208.8123815589374,512,32,/home/wangmeiqi/zjh/meta-llama/Llama-2-7b-hf,32,32,False,False,False
fp16_baseline_offset16384,runs\segment_replicates\fp16_baseline_offset16384.json,True,False,all_input,identity,,none,0,0,,,0.0,,,,,,,5.470874374365049,5.470874374365049,0.0,8192,16384,2048,2.5022620409727097,3273.837777923333,512,32,/home/wangmeiqi/zjh/meta-llama/Llama-2-7b-hf,32,32,False,False,False
fp16_baseline_offset8192,runs\segment_replicates\fp16_baseline_offset8192.json,True,False,all_input,identity,,none,0,0,,,0.0,,,,,,,4.07688878500778,4.07688878500778,0.0,8192,8192,2048,2.1854617829667404,3748.4068876644687,512,32,/home/wangmeiqi/zjh/meta-llama/Llama-2-7b-hf,32,32,False,False,False
q_proj_input_dct_q3_offset16384,runs\segment_replicates\q_proj_input_dct_q3_offset16384.json,False,False,q_proj_input,dct,3,none,32,536870912,0.07456417964231374,0.01763192494456866,0.0,,,,,,,5.504902201971192,5.470874374365049,0.03402782760614276,8192,16384,2048,1.2395815750351176,6608.681643051946,512,32,/home/wangmeiqi/zjh/meta-llama/Llama-2-7b-hf,32,32,False,True,False
q_proj_input_dct_q3_offset8192,runs\segment_replicates\q_proj_input_dct_q3_offset8192.json,False,False,q_proj_input,dct,3,none,32,536870912,0.07456417964231374,0.01763192494456866,0.0,,,,,,,4.099834624430649,4.07688878500778,0.022945839422868985,8192,8192,2048,1.2066616859519854,6788.978298865097,512,32,/home/wangmeiqi/zjh/meta-llama/Llama-2-7b-hf,32,32,False,True,False
q_proj_input_hadamard_q3_offset16384,runs\segment_replicates\q_proj_input_hadamard_q3_offset16384.json,False,False,q_proj_input,hadamard,3,none,32,536870912,0.07448182909931539,0.01762959252535143,0.0,,,,,,,5.496366117562049,5.470874374365049,0.02549174319699965,8192,16384,2048,1.6620027979370207,4928.992905528445,512,32,/home/wangmeiqi/zjh/meta-llama/Llama-2-7b-hf,32,32,False,True,False
q_proj_input_hadamard_q3_offset8192,runs\segment_replicates\q_proj_input_hadamard_q3_offset8192.json,False,False,q_proj_input,hadamard,3,none,32,536870912,0.07448182909931539,0.01762959252535143,0.0,,,,,,,4.095324707547887,4.07688878500778,0.01843592254010673,8192,8192,2048,1.4310658279573545,5724.404733842977,512,32,/home/wangmeiqi/zjh/meta-llama/Llama-2-7b-hf,32,32,False,True,False
q_proj_input_identity_q3_offset16384,runs\segment_replicates\q_proj_input_identity_q3_offset16384.json,False,False,q_proj_input,identity,3,none,32,536870912,0.08310633011871371,0.018540004873103838,0.0,,,,,,,5.5220056044833505,5.470874374365049,0.05113123011830112,8192,16384,2048,1.5752572879428044,5200.420314003614,512,32,/home/wangmeiqi/zjh/meta-llama/Llama-2-7b-hf,32,32,False,True,False
q_proj_input_identity_q3_offset8192,runs\segment_replicates\q_proj_input_identity_q3_offset8192.json,False,False,q_proj_input,identity,3,none,32,536870912,0.08310633011871371,0.018540004873103838,0.0,,,,,,,4.128450322602497,4.07688878500778,0.05156153759471671,8192,8192,2048,1.5758815839653835,5198.360132736946,512,32,/home/wangmeiqi/zjh/meta-llama/Llama-2-7b-hf,32,32,False,True,False
q_proj_input_rdft_q3_offset16384,runs\segment_replicates\q_proj_input_rdft_q3_offset16384.json,False,False,q_proj_input,rdft,3,none,32,536870912,0.0745737740277129,0.017629312358656106,0.0,,,,,,,5.506959392317933,5.470874374365049,0.03608501795288355,8192,16384,2048,1.6242396549787372,5043.590688658098,512,32,/home/wangmeiqi/zjh/meta-llama/Llama-2-7b-hf,32,32,False,True,False
q_proj_input_rdft_q3_offset8192,runs\segment_replicates\q_proj_input_rdft_q3_offset8192.json,False,False,q_proj_input,rdft,3,none,32,536870912,0.0745737740277129,0.017629312358656106,0.0,,,,,,,4.120664729717993,4.07688878500778,0.04377594471021329,8192,8192,2048,1.3920831830473617,5884.705813389091,512,32,/home/wangmeiqi/zjh/meta-llama/Llama-2-7b-hf,32,32,False,True,False
q_proj_input_spectral_dct_q3_offset16384,runs\segment_replicates\q_proj_input_spectral_dct_q3_offset16384.json,False,False,q_proj_input,dct,3,spectral,32,536870912,0.07454741818343821,0.01760068913700699,733349.6034136291,0.029470043431501836,0.03209758491721004,,,,,5.511218644275881,5.470874374365049,0.04034426991083162,8192,16384,2048,1.4464373170631006,5663.570694258177,512,32,/home/wangmeiqi/zjh/meta-llama/Llama-2-7b-hf,32,32,False,True,False
q_proj_input_spectral_dct_q3_offset8192,runs\segment_replicates\q_proj_input_spectral_dct_q3_offset8192.json,False,False,q_proj_input,dct,3,spectral,32,536870912,0.07454741818343821,0.01760068913700699,733349.6034136291,0.029470043431501836,0.03209758491721004,,,,,4.11622218554098,4.07688878500778,0.03933340053320045,8192,8192,2048,1.2318963379366323,6649.910181339778,512,32,/home/wangmeiqi/zjh/meta-llama/Llama-2-7b-hf,32,32,False,True,False
q_proj_output_head_dct_q3_offset16384,runs\segment_replicates\q_proj_output_head_dct_q3_offset16384.json,False,False,q_proj_output_head,dct,3,none,32,536870912,0.08235556678985118,0.018364178125586907,0.0,,,,,,,5.532791582409001,5.470874374365049,0.06191720804395118,8192,16384,2048,1.2652711640112102,6474.501461038133,512,32,/home/wangmeiqi/zjh/meta-llama/Llama-2-7b-hf,32,32,False,True,False
q_proj_output_head_dct_q3_offset8192,runs\segment_replicates\q_proj_output_head_dct_q3_offset8192.json,False,False,q_proj_output_head,dct,3,none,32,536870912,0.08235556678985118,0.018364178125586907,0.0,,,,,,,4.10233968485629,4.07688878500778,0.025450899848509678,8192,8192,2048,1.4867616610135883,5509.961828323691,512,32,/home/wangmeiqi/zjh/meta-llama/Llama-2-7b-hf,32,32,False,True,False
q_proj_output_head_identity_q3_offset16384,runs\segment_replicates\q_proj_output_head_identity_q3_offset16384.json,False,False,q_proj_output_head,identity,3,none,32,536870912,0.08310633011871371,0.018540004873103838,0.0,,,,,,,5.5220056044833505,5.470874374365049,0.05113123011830112,8192,16384,2048,1.5956285160500556,5134.027073092879,512,32,/home/wangmeiqi/zjh/meta-llama/Llama-2-7b-hf,32,32,False,True,False
q_proj_output_head_identity_q3_offset8192,runs\segment_replicates\q_proj_output_head_identity_q3_offset8192.json,False,False,q_proj_output_head,identity,3,none,32,536870912,0.08310633011871371,0.018540004873103838,0.0,,,,,,,4.128450322602497,4.07688878500778,0.05156153759471671,8192,8192,2048,1.654533340013586,4951.245044075529,512,32,/home/wangmeiqi/zjh/meta-llama/Llama-2-7b-hf,32,32,False,True,False
qk_rope_pair_dct_q3_screen,runs\screen\qk_rope_pair_dct_q3.json,False,False,qk_rope_pair,dct,3,none,64,1073741824,0.08315511399996313,0.01640329429561997,0.0,,,,,,,4.038804161196887,,,2048,0,2048,0.36274347896687686,5645.863037518611,256,16,/home/wangmeiqi/zjh/meta-llama/Llama-2-7b-hf,32,32,False,True,False
qk_rope_pair_dct_q4_8192,runs\formal_8192\qk_rope_pair_dct_q4_8192.json,False,False,qk_rope_pair,dct,4,none,64,1073741824,0.015885820785618784,0.0029884832874169714,0.0,,,,,,,6.233763938055514,6.195575096408451,0.03818884164706304,8192,0,2048,2.0842536819400266,3930.423667225994,512,32,/home/wangmeiqi/zjh/meta-llama/Llama-2-7b-hf,32,32,False,True,False
qk_rope_pair_identity_q3_screen,runs\screen\qk_rope_pair_identity_q3.json,False,False,qk_rope_pair,identity,3,none,64,1073741824,0.08303103332495841,0.016389926037959707,0.0,,,,,,,3.9892194524935642,,,2048,0,2048,0.288158826995641,7107.191618429861,256,16,/home/wangmeiqi/zjh/meta-llama/Llama-2-7b-hf,32,32,False,True,False
qk_rope_pair_identity_q4_8192,runs\formal_8192\qk_rope_pair_identity_q4_8192.json,False,False,qk_rope_pair,identity,4,none,64,1073741824,0.015873003761245164,0.0029891653392652945,0.0,,,,,,,6.2193582717779865,6.195575096408451,0.02378317536953567,8192,0,2048,1.6023697340860963,5112.428065593905,512,32,/home/wangmeiqi/zjh/meta-llama/Llama-2-7b-hf,32,32,False,True,False
qproj_input_dct_q3_8192,runs\formal_8192\qproj_input_dct_q3_8192.json,False,False,q_proj_input,dct,3,none,32,536870912,0.07456417964231374,0.01763192494456866,0.0,,,,,,,6.229007354102511,6.195575096408451,0.03343225769406022,8192,0,2048,1.2064133289968595,6790.375904427135,512,32,/home/wangmeiqi/zjh/meta-llama/Llama-2-7b-hf,32,32,False,True,False
qproj_input_dct_q3_screen,runs\screen\qproj_input_dct_q3.json,False,False,q_proj_input,dct,3,none,32,536870912,0.07456417964231374,0.017530949009620673,0.0,,,,,,,3.954807515925886,,,2048,0,2048,0.31062981800641865,6593.056690899138,256,16,/home/wangmeiqi/zjh/meta-llama/Llama-2-7b-hf,32,32,False,True,False
qproj_input_dct_q4_8192,runs\formal_8192\qproj_input_dct_q4_8192.json,False,False,q_proj_input,dct,4,none,32,536870912,0.013685821080440457,0.0032393832522884473,0.0,,,,,,,6.203483023662901,6.195575096408451,0.007907927254450442,8192,0,2048,1.208802760927938,6776.9534160489575,512,32,/home/wangmeiqi/zjh/meta-llama/Llama-2-7b-hf,32,32,False,True,False
qproj_input_hadamard_q3_8192,runs\formal_8192\qproj_input_hadamard_q3_8192.json,False,False,q_proj_input,hadamard,3,none,32,536870912,0.07448182909931539,0.01762959252535143,0.0,,,,,,,6.239962058662256,6.195575096408451,0.044386962253804896,8192,0,2048,1.206674121087417,6788.908336426098,512,32,/home/wangmeiqi/zjh/meta-llama/Llama-2-7b-hf,32,32,False,True,False
qproj_input_hadamard_q3_screen,runs\screen\qproj_input_hadamard_q3.json,False,False,q_proj_input,hadamard,3,none,32,536870912,0.07448182909931539,0.017542006333154517,0.0,,,,,,,3.9480018717827825,,,2048,0,2048,0.30311399104539305,6756.534044953736,256,16,/home/wangmeiqi/zjh/meta-llama/Llama-2-7b-hf,32,32,False,True,False
qproj_input_identity_q3_8192,runs\formal_8192\qproj_input_identity_q3_8192.json,False,False,q_proj_input,identity,3,none,32,536870912,0.08310633011871371,0.018540004873103838,0.0,,,,,,,6.254414889530206,6.195575096408451,0.0588397931217548,8192,0,2048,1.1271872059442103,7267.648139368129,512,32,/home/wangmeiqi/zjh/meta-llama/Llama-2-7b-hf,32,32,False,True,False
qproj_input_identity_q3_screen,runs\screen\qproj_input_identity_q3.json,False,False,q_proj_input,identity,3,none,32,536870912,0.08310633011871371,0.01845492059998947,0.0,,,,,,,3.965037040066721,,,2048,0,2048,0.2844506480032578,7199.842975842137,256,16,/home/wangmeiqi/zjh/meta-llama/Llama-2-7b-hf,32,32,False,True,False
qproj_input_identity_q4_8192,runs\formal_8192\qproj_input_identity_q4_8192.json,False,False,q_proj_input,identity,4,none,32,536870912,0.01608093403838773,0.0034604007019147847,0.0,,,,,,,6.2056142958343115,6.195575096408451,0.010039199425860623,8192,0,2048,1.1196247809566557,7316.736945568855,512,32,/home/wangmeiqi/zjh/meta-llama/Llama-2-7b-hf,32,32,False,True,False
qproj_input_rdft_q3_8192,runs\formal_8192\qproj_input_rdft_q3_8192.json,False,False,q_proj_input,rdft,3,none,32,536870912,0.0745737740277129,0.017629312358656106,0.0,,,,,,,6.241241259515989,6.195575096408451,0.045666163107537905,8192,0,2048,1.170101283933036,7001.103333947646,512,32,/home/wangmeiqi/zjh/meta-llama/Llama-2-7b-hf,32,32,False,True,False
qproj_input_rdft_q3_screen,runs\screen\qproj_input_rdft_q3.json,False,False,q_proj_input,rdft,3,none,32,536870912,0.0745737740277129,0.017562770064965903,0.0,,,,,,,3.945723697731355,,,2048,0,2048,0.2959834650391713,6919.305440690621,256,16,/home/wangmeiqi/zjh/meta-llama/Llama-2-7b-hf,32,32,False,True,False
qproj_input_spectral_dct_q3_8192,runs\formal_8192\qproj_input_spectral_dct_q3_8192.json,False,False,q_proj_input,dct,3,spectral,32,536870912,0.07454741818343821,0.01760068913700699,733349.6034136291,0.029470043431501836,0.03209758491721004,,,,,6.239052940245027,6.195575096408451,0.043477843836575936,8192,0,2048,1.2140303049236536,6747.772248169018,512,32,/home/wangmeiqi/zjh/meta-llama/Llama-2-7b-hf,32,32,False,True,False
qproj_input_spectral_dct_q3_screen,runs\screen\qproj_input_spectral_dct_q3.json,False,False,q_proj_input,dct,3,spectral,32,536870912,0.07454741818343821,0.01754003839958307,733349.6034136291,0.029470043431501836,0.03209758491721004,,,,,3.9402364533669627,,,2048,0,2048,0.3063070869538933,6686.10060696465,256,16,/home/wangmeiqi/zjh/meta-llama/Llama-2-7b-hf,32,32,False,True,False
qproj_input_spectral_dct_q4_8192,runs\formal_8192\qproj_input_spectral_dct_q4_8192.json,False,False,q_proj_input,dct,4,spectral,32,536870912,0.013682445088149588,0.003241661092225742,733349.6034136291,0.029470043431501836,0.03209758491721004,,,,,6.200028242687991,6.195575096408451,0.004453146279540299,8192,0,2048,1.210004071937874,6770.225150465946,512,32,/home/wangmeiqi/zjh/meta-llama/Llama-2-7b-hf,32,32,False,True,False
qproj_output_head_dct_q3_8192,runs\formal_8192\qproj_output_head_dct_q3_8192.json,False,False,q_proj_output_head,dct,3,none,32,536870912,0.08235556678985118,0.018364178125586907,0.0,,,,,,,6.247485355813128,6.195575096408451,0.05191025940467675,8192,0,2048,1.7505305859958753,4679.72400227419,512,32,/home/wangmeiqi/zjh/meta-llama/Llama-2-7b-hf,32,32,False,True,False
qproj_output_head_dct_q3_screen,runs\screen\qproj_output_head_dct_q3.json,False,False,q_proj_output_head,dct,3,none,32,536870912,0.08235556678985118,0.0182515484968641,0.0,,,,,,,3.9397334230831413,,,2048,0,2048,0.37471619399730116,5465.469688280274,256,16,/home/wangmeiqi/zjh/meta-llama/Llama-2-7b-hf,32,32,False,True,False
qproj_output_head_dct_q4_8192,runs\formal_8192\qproj_output_head_dct_q4_8192.json,False,False,q_proj_output_head,dct,4,none,32,536870912,0.01581796979053195,0.003388536786424057,0.0,,,,,,,6.201224223381563,6.195575096408451,0.00564912697311204,8192,0,2048,1.2656108209630474,6472.763873626192,512,32,/home/wangmeiqi/zjh/meta-llama/Llama-2-7b-hf,32,32,False,True,False
qproj_output_head_hadamard_q3_8192,runs\formal_8192\qproj_output_head_hadamard_q3_8192.json,False,False,q_proj_output_head,hadamard,3,none,32,536870912,0.08234423815603079,0.01836218843680829,0.0,,,,,,,6.258617482290889,6.195575096408451,0.06304238588243827,8192,0,2048,1.2130679649999365,6753.12532880252,512,32,/home/wangmeiqi/zjh/meta-llama/Llama-2-7b-hf,32,32,False,True,False
qproj_output_head_hadamard_q3_screen,runs\screen\qproj_output_head_hadamard_q3.json,False,False,q_proj_output_head,hadamard,3,none,32,536870912,0.08234423815603079,0.018207439174950737,0.0,,,,,,,3.948063055261644,,,2048,0,2048,0.30407007690519094,6735.28951235332,256,16,/home/wangmeiqi/zjh/meta-llama/Llama-2-7b-hf,32,32,False,True,False
qproj_output_head_identity_q3_8192,runs\formal_8192\qproj_output_head_identity_q3_8192.json,False,False,q_proj_output_head,identity,3,none,32,536870912,0.08310633011871371,0.018540004873103838,0.0,,,,,,,6.254414889530206,6.195575096408451,0.0588397931217548,8192,0,2048,1.1245212060166523,7284.878182971936,512,32,/home/wangmeiqi/zjh/meta-llama/Llama-2-7b-hf,32,32,False,True,False
qproj_output_head_identity_q4_8192,runs\formal_8192\qproj_output_head_identity_q4_8192.json,False,False,q_proj_output_head,identity,4,none,32,536870912,0.01608093403838773,0.0034604007019147847,0.0,,,,,,,6.2056142958343115,6.195575096408451,0.010039199425860623,8192,0,2048,1.827440851018764,4482.771628659342,512,32,/home/wangmeiqi/zjh/meta-llama/Llama-2-7b-hf,32,32,False,True,False
qproj_output_head_rdft_q3_8192,runs\formal_8192\qproj_output_head_rdft_q3_8192.json,False,False,q_proj_output_head,rdft,3,none,32,536870912,0.0823845689097942,0.018405470857946048,0.0,,,,,,,6.244251521607211,6.195575096408451,0.04867642519876014,8192,0,2048,1.297599771991372,6313.194697489874,512,32,/home/wangmeiqi/zjh/meta-llama/Llama-2-7b-hf,32,32,False,True,False
qproj_output_head_rdft_q3_screen,runs\screen\qproj_output_head_rdft_q3.json,False,False,q_proj_output_head,rdft,3,none,32,536870912,0.0823845689097942,0.018334051083216597,0.0,,,,,,,3.966624581132433,,,2048,0,2048,0.2965634419815615,6905.773639244894,256,16,/home/wangmeiqi/zjh/meta-llama/Llama-2-7b-hf,32,32,False,True,False
qproj_output_head_spectral_dct_q3_screen,runs\screen\qproj_output_head_spectral_dct_q3.json,False,False,q_proj_output_head,dct,3,spectral,32,536870912,0.08236916092607384,0.018262216722130273,733349.6034136291,0.07611460034968331,0.07103232567897066,,,,,3.971792978723222,,,2048,0,2048,0.32412649504840374,6318.520797548994,256,16,/home/wangmeiqi/zjh/meta-llama/Llama-2-7b-hf,32,32,False,True,False
qproj_two_sided_dct_q3_8192,runs\additional_8192\qproj_two_sided_dct_q3_8192.json,False,False,q_proj_two_sided,dct,3,none,32,536870912,0.07462407913335438,0.017650316800335956,0.0,,,,,,,6.274037139889206,6.195575096408451,0.07846204348075503,8192,0,2048,1.3503844789229333,6066.420436447803,512,32,/home/wangmeiqi/zjh/meta-llama/Llama-2-7b-hf,32,32,False,True,False
qproj_two_sided_dct_q4_8192,runs\additional_8192\qproj_two_sided_dct_q4_8192.json,False,False,q_proj_two_sided,dct,4,none,32,536870912,0.013696248857590954,0.003250222304388362,0.0,,,,,,,6.215292622563584,6.195575096408451,0.01971752615513278,8192,0,2048,1.4956530469935387,5477.206105030179,512,32,/home/wangmeiqi/zjh/meta-llama/Llama-2-7b-hf,32,32,False,True,False
qproj_two_sided_dct_unquantized_8192,runs\additional_8192\qproj_two_sided_dct_unquantized_8192.json,False,True,q_proj_two_sided,dct,,none,32,536870912,8.665133956333116e-14,1.127455564679237e-07,0.0,,,,,,,6.195664094745393,6.195575096408451,8.899833694187009e-05,8192,0,2048,1.7540328530594707,4670.38002493004,512,32,/home/wangmeiqi/zjh/meta-llama/Llama-2-7b-hf,32,32,False,False,False
qproj_two_sided_identity_q3_8192,runs\additional_8192\qproj_two_sided_identity_q3_8192.json,False,False,q_proj_two_sided,identity,3,none,32,536870912,0.08310633011871371,0.018540004873103838,0.0,,,,,,,6.254414889530206,6.195575096408451,0.0588397931217548,8192,0,2048,1.4902041299501434,5497.233456381626,512,32,/home/wangmeiqi/zjh/meta-llama/Llama-2-7b-hf,32,32,False,True,False
qproj_two_sided_identity_q4_8192,runs\additional_8192\qproj_two_sided_identity_q4_8192.json,False,False,q_proj_two_sided,identity,4,none,32,536870912,0.01608093403838773,0.0034604007019147847,0.0,,,,,,,6.2056142958343115,6.195575096408451,0.010039199425860623,8192,0,2048,1.8258479590294883,4486.682453206223,512,32,/home/wangmeiqi/zjh/meta-llama/Llama-2-7b-hf,32,32,False,True,False
qproj_two_sided_spectral_dct_q3_8192,runs\additional_8192\qproj_two_sided_spectral_dct_q3_8192.json,False,False,q_proj_two_sided,dct,3,spectral,32,536870912,0.0746452756093777,0.01768586605481957,1466699.2068272582,,,0.029470043431501836,0.03209758491721004,0.07611460034968331,0.07103232567897066,6.259463413713256,6.195575096408451,0.06388831730480504,8192,0,2048,1.3448266279883683,6091.491519805671,512,32,/home/wangmeiqi/zjh/meta-llama/Llama-2-7b-hf,32,32,False,True,False
qproj_two_sided_spectral_dct_q4_8192,runs\additional_8192\qproj_two_sided_spectral_dct_q4_8192.json,False,False,q_proj_two_sided,dct,4,spectral,32,536870912,0.013699695298355892,0.003238332589341354,1466699.2068272582,,,0.029470043431501836,0.03209758491721004,0.07611460034968331,0.07103232567897066,6.203228451603701,6.195575096408451,0.007653355195250455,8192,0,2048,1.349630061071366,6069.811451515099,512,32,/home/wangmeiqi/zjh/meta-llama/Llama-2-7b-hf,32,32,False,True,False
